avg_size,edge_collisions,entropy_loss,episodes,policy_entropy,policy_loss,reward_rate,self_collisions,steps,t,value_loss
3.107421875,0.12890625,-1.3755472898483276,6523,1.3758857250213623,0.2384791374206543,0.025390625,0.0,51200,1.549988031387329,0.24909596145153046
3.09375,0.140625,-1.378865122795105,13057,1.379030704498291,0.28946805000305176,0.03125,0.0,102400,3.1329143047332764,0.2663525938987732
3.115234375,0.12109375,-1.3812538385391235,19467,1.381965160369873,0.2756071090698242,0.009765625,0.0,153600,4.690090894699097,0.2678530216217041
3.09765625,0.12109375,-1.3833650350570679,25844,1.3834211826324463,0.2525012493133545,0.0234375,0.0,204800,6.301036357879639,0.2660001814365387
3.0859375,0.138671875,-1.3840091228485107,32153,1.38416588306427,0.2514647841453552,0.013671875,0.0,256000,7.817778825759888,0.2588961720466614
3.109375,0.12109375,-1.3845280408859253,38459,1.3845045566558838,0.2622694969177246,0.0078125,0.001953125,307200,9.391202688217163,0.2670014798641205
3.09375,0.123046875,-1.3844691514968872,44724,1.3843419551849365,0.27398377656936646,0.013671875,0.0,358400,10.942435026168823,0.26778849959373474
3.099609375,0.123046875,-1.3840758800506592,50807,1.3840599060058594,0.2803034484386444,0.0078125,0.0,409600,12.552483081817627,0.2765411138534546
3.11328125,0.115234375,-1.3838614225387573,56955,1.3838613033294678,0.2750651240348816,0.013671875,0.0,460800,14.101378440856934,0.2656822204589844
3.111328125,0.12890625,-1.3833880424499512,63231,1.3835147619247437,0.25578758120536804,0.01171875,0.0,512000,15.703301906585693,0.2704835832118988
3.11328125,0.1328125,-1.3829959630966187,69376,1.3824881315231323,0.2572353482246399,0.0234375,0.0,563200,17.249733686447144,0.2775799632072449
3.12109375,0.109375,-1.38229501247406,75414,1.3824102878570557,0.2809079587459564,0.015625,0.001953125,614400,18.825942993164062,0.27787119150161743
3.09375,0.134765625,-1.3818353414535522,81314,1.3814220428466797,0.28599292039871216,0.015625,0.0,665600,20.375452041625977,0.2809916138648987
3.125,0.123046875,-1.3807919025421143,87207,1.381058692932129,0.26592954993247986,0.03125,0.0,716800,21.97561550140381,0.2626964747905731
3.1171875,0.087890625,-1.379826545715332,93069,1.3795948028564453,0.24960334599018097,0.017578125,0.0,768000,23.597489595413208,0.2659865915775299
3.10546875,0.12890625,-1.378266453742981,98863,1.3780542612075806,0.26537200808525085,0.01171875,0.0,819200,25.181171417236328,0.2628013491630554
3.12890625,0.11328125,-1.3771549463272095,104585,1.376224160194397,0.27954956889152527,0.013671875,0.0,870400,26.713372468948364,0.2768464982509613
3.091796875,0.09375,-1.3744269609451294,110219,1.374424695968628,0.2823188602924347,0.015625,0.0,921600,28.2908616065979,0.28023386001586914
3.126953125,0.07421875,-1.3726303577423096,115846,1.3723077774047852,0.25921687483787537,0.021484375,0.0,972800,29.82235097885132,0.28527820110321045
3.115234375,0.099609375,-1.3698667287826538,121441,1.3700551986694336,0.2502765357494354,0.021484375,0.0,1024000,31.428511381149292,0.27746590971946716
3.138671875,0.10546875,-1.3683712482452393,126987,1.3675535917282104,0.26273295283317566,0.025390625,0.001953125,1075200,32.967963457107544,0.2751222252845764
3.1328125,0.125,-1.3664323091506958,132481,1.366269826889038,0.27192339301109314,0.01953125,0.0,1126400,34.567858934402466,0.2842015326023102
3.15234375,0.087890625,-1.3645540475845337,137843,1.3646280765533447,0.26184821128845215,0.01171875,0.0,1177600,36.118669509887695,0.2882806062698364
3.158203125,0.107421875,-1.3597370386123657,143059,1.3586996793746948,0.25079137086868286,0.021484375,0.0,1228800,37.69172692298889,0.28544002771377563
3.138671875,0.08203125,-1.3557900190353394,148303,1.353798747062683,0.25412726402282715,0.021484375,0.0,1280000,39.22143077850342,0.2878187596797943
3.138671875,0.107421875,-1.3479431867599487,153432,1.3475391864776611,0.2610816955566406,0.021484375,0.0,1331200,40.79600954055786,0.2781961262226105
3.14453125,0.0859375,-1.3430880308151245,158435,1.3402565717697144,0.25202521681785583,0.013671875,0.0,1382400,42.330371618270874,0.27640479803085327
3.11328125,0.099609375,-1.3344615697860718,163411,1.3331117630004883,0.2512117922306061,0.013671875,0.00390625,1433600,43.91667366027832,0.28843411803245544
3.166015625,0.091796875,-1.328674554824829,168204,1.3267858028411865,0.25697576999664307,0.0234375,0.00390625,1484800,45.44435143470764,0.3006595969200134
3.15234375,0.09765625,-1.318475604057312,172985,1.317690372467041,0.24518421292304993,0.02734375,0.0,1536000,47.02785658836365,0.2970886826515198
3.166015625,0.091796875,-1.3125337362289429,177700,1.3154703378677368,0.2512725293636322,0.01953125,0.0,1587200,48.586084604263306,0.29248303174972534
3.13671875,0.099609375,-1.3070448637008667,182282,1.3104500770568848,0.24038277566432953,0.0078125,0.0,1638400,50.1771821975708,0.2861173748970032
3.18359375,0.091796875,-1.3022273778915405,186698,1.2987607717514038,0.2491859495639801,0.01953125,0.0,1689600,51.727349281311035,0.2998231053352356
3.1796875,0.080078125,-1.2918733358383179,191185,1.2914646863937378,0.24350979924201965,0.01953125,0.0,1740800,53.31829261779785,0.2946244478225708
3.169921875,0.07421875,-1.284979224205017,195527,1.2813425064086914,0.2335744947195053,0.021484375,0.0,1792000,54.85804605484009,0.28957635164260864
3.17578125,0.0859375,-1.2738863229751587,199666,1.2736072540283203,0.22528047859668732,0.017578125,0.0,1843200,56.44728064537048,0.31410306692123413
3.169921875,0.09765625,-1.266204595565796,203818,1.2646446228027344,0.24272961914539337,0.029296875,0.0,1894400,57.98828148841858,0.3106040954589844
3.20703125,0.06640625,-1.2516913414001465,207720,1.2511814832687378,0.2223992645740509,0.025390625,0.0,1945600,59.57618522644043,0.2918410003185272
3.224609375,0.076171875,-1.240110993385315,211487,1.2310322523117065,0.21633560955524445,0.015625,0.0,1996800,61.11112594604492,0.31262320280075073
3.208984375,0.0625,-1.2193821668624878,215209,1.2197985649108887,0.21175454556941986,0.013671875,0.00390625,2048000,62.699140310287476,0.2957332730293274
3.205078125,0.072265625,-1.2030762434005737,218944,1.1950294971466064,0.19410096108913422,0.015625,0.0,2099200,64.25799632072449,0.3138435482978821
3.19140625,0.08203125,-1.179970622062683,222548,1.1818008422851562,0.22641654312610626,0.015625,0.0,2150400,65.85794806480408,0.30109429359436035
3.240234375,0.08203125,-1.1653026342391968,225934,1.1644253730773926,0.18034055829048157,0.025390625,0.0,2201600,67.39190578460693,0.3088234066963196
3.2578125,0.0859375,-1.1465387344360352,229177,1.137735366821289,0.2100168913602829,0.025390625,0.001953125,2252800,68.9797956943512,0.32750898599624634
3.26171875,0.064453125,-1.1291035413742065,232330,1.1296336650848389,0.2032613754272461,0.029296875,0.0,2304000,70.51832437515259,0.3242473006248474
3.279296875,0.068359375,-1.1027849912643433,235474,1.0990604162216187,0.18092158436775208,0.015625,0.0,2355200,72.11143469810486,0.3244244456291199
3.298828125,0.060546875,-1.0778541564941406,238299,1.0615226030349731,0.19030101597309113,0.017578125,0.0,2406400,73.66611170768738,0.3403618335723877
3.337890625,0.033203125,-1.0373941659927368,240974,1.029687523841858,0.15171189606189728,0.02734375,0.0,2457600,75.27859425544739,0.32829904556274414
3.39453125,0.03125,-1.0102647542953491,243493,0.997352659702301,0.16258831322193146,0.01953125,0.0,2508800,76.82465410232544,0.336325466632843
3.373046875,0.0390625,-0.9787092208862305,245789,0.9767228364944458,0.16555559635162354,0.01171875,0.001953125,2560000,78.40391635894775,0.33405935764312744
3.408203125,0.03515625,-0.94889897108078,247960,0.9519259929656982,0.13288135826587677,0.01953125,0.0,2611200,79.93533229827881,0.3370538055896759
3.431640625,0.03125,-0.902134120464325,250074,0.9064478874206543,0.1447933465242386,0.017578125,0.0,2662400,81.51680517196655,0.3342200517654419
3.509765625,0.0390625,-0.8739089369773865,251957,0.8725957870483398,0.12789486348628998,0.025390625,0.0,2713600,83.04882669448853,0.3558734953403473
3.517578125,0.021484375,-0.8166788220405579,253729,0.827029824256897,0.11496920883655548,0.015625,0.0,2764800,84.6254141330719,0.340429425239563
3.59765625,0.0390625,-0.7830783128738403,255260,0.7501806616783142,0.12444736808538437,0.02734375,0.0,2816000,86.17414712905884,0.3446374237537384
3.671875,0.021484375,-0.7321941256523132,256664,0.7241373658180237,0.09194348007440567,0.01953125,0.0,2867200,87.76523399353027,0.35337135195732117
3.662109375,0.03125,-0.7128891944885254,258088,0.7022531032562256,0.08728642016649246,0.017578125,0.0,2918400,89.29794096946716,0.35266974568367004
3.73046875,0.0234375,-0.6771253943443298,259398,0.6735966801643372,0.07864930480718613,0.021484375,0.0,2969600,90.8823070526123,0.35091882944107056
3.83203125,0.009765625,-0.6537610292434692,260581,0.6435980796813965,0.08456733822822571,0.025390625,0.0,3020800,92.42992615699768,0.3394502103328705
3.904296875,0.015625,-0.6274312734603882,261687,0.6288169622421265,0.07760625332593918,0.0234375,0.0,3072000,94.01128101348877,0.3573940396308899
3.923828125,0.02734375,-0.6059324145317078,262764,0.6138736009597778,0.06661700457334518,0.029296875,0.0,3123200,95.55872225761414,0.36532720923423767
4.044921875,0.0234375,-0.5919866561889648,263769,0.5938709378242493,0.08127200603485107,0.03125,0.0,3174400,97.14874601364136,0.3553334176540375
4.041015625,0.01171875,-0.5813932418823242,264736,0.586658775806427,0.0847875326871872,0.02734375,0.0,3225600,98.70831203460693,0.3450520634651184
4.03125,0.013671875,-0.5767444968223572,265623,0.5695222616195679,0.0634273812174797,0.01953125,0.0,3276800,100.27794885635376,0.35850971937179565
4.115234375,0.021484375,-0.5719713568687439,266563,0.5853340029716492,0.09061257541179657,0.02734375,0.001953125,3328000,101.80301880836487,0.36379778385162354
4.095703125,0.021484375,-0.5668899416923523,267470,0.566404402256012,0.05633370950818062,0.02734375,0.0,3379200,103.38094115257263,0.3591288924217224
4.181640625,0.0234375,-0.5613101124763489,268361,0.5676114559173584,0.07084112614393234,0.029296875,0.0,3430400,104.90109920501709,0.3651661276817322
4.166015625,0.021484375,-0.5570878982543945,269199,0.5599634051322937,0.06940402090549469,0.02734375,0.0,3481600,106.49071383476257,0.3590269982814789
4.369140625,0.0234375,-0.5581225752830505,269997,0.5708664059638977,0.05359766632318497,0.029296875,0.0,3532800,108.01432061195374,0.36120790243148804
4.41015625,0.017578125,-0.5565246939659119,270832,0.555420458316803,0.06377994269132614,0.03515625,0.0,3584000,109.5815041065216,0.36683207750320435
4.361328125,0.013671875,-0.5689452290534973,271671,0.5636270642280579,0.051648642867803574,0.021484375,0.0,3635200,111.09362506866455,0.35853925347328186
4.357421875,0.013671875,-0.5680083632469177,272499,0.5774206519126892,0.054904598742723465,0.025390625,0.0,3686400,112.65136051177979,0.3618355989456177
4.3984375,0.021484375,-0.5684648752212524,273301,0.5711337327957153,0.05849707871675491,0.025390625,0.0,3737600,114.16906833648682,0.37435129284858704
4.541015625,0.01171875,-0.5767250061035156,274049,0.577636182308197,0.06776275485754013,0.029296875,0.0,3788800,115.73231077194214,0.3574186861515045
4.66015625,0.021484375,-0.5725971460342407,274836,0.5792056322097778,0.061658091843128204,0.021484375,0.0,3840000,117.25743174552917,0.37636426091194153
4.56640625,0.015625,-0.5750768780708313,275663,0.5995137691497803,0.0660909116268158,0.017578125,0.0,3891200,118.81907343864441,0.36535578966140747
4.65234375,0.01171875,-0.5771347880363464,276417,0.5805569291114807,0.052380841225385666,0.021484375,0.0,3942400,120.33224749565125,0.3697487413883209
4.73046875,0.0078125,-0.576299250125885,277159,0.5833173990249634,0.06095021963119507,0.03515625,0.0,3993600,121.89073872566223,0.36951881647109985
4.69140625,0.013671875,-0.5807755589485168,277896,0.5880464315414429,0.05731293186545372,0.015625,0.0,4044800,123.40323638916016,0.3641416132450104
4.546875,0.029296875,-0.5903930068016052,278665,0.6005875468254089,0.055317770689725876,0.029296875,0.0,4096000,124.96061086654663,0.35712727904319763
4.89453125,0.01171875,-0.5838544964790344,279369,0.5695828199386597,0.0565311573445797,0.025390625,0.0,4147200,126.47994637489319,0.35992762446403503
4.966796875,0.0234375,-0.5796951651573181,280041,0.5716028213500977,0.05091413855552673,0.033203125,0.0,4198400,128.04071164131165,0.3730456829071045
5.033203125,0.017578125,-0.5915082097053528,280766,0.5823489427566528,0.060781728476285934,0.044921875,0.0,4249600,129.56512475013733,0.3683626055717468
5.015625,0.005859375,-0.584007740020752,281467,0.5969104766845703,0.041937246918678284,0.037109375,0.0,4300800,131.16130113601685,0.3739166855812073
5.185546875,0.01171875,-0.5950493216514587,282105,0.5863900184631348,0.039735402911901474,0.037109375,0.001953125,4352000,132.78239345550537,0.3773258924484253
5.10546875,0.009765625,-0.5889043807983398,282784,0.6053882837295532,0.07215267419815063,0.02734375,0.001953125,4403200,134.50852417945862,0.37007421255111694
5.36328125,0.005859375,-0.5753545761108398,283429,0.5813848972320557,0.03420969843864441,0.044921875,0.0,4454400,136.07172274589539,0.36700886487960815
5.474609375,0.01171875,-0.5725467801094055,284093,0.5665520429611206,0.07001606374979019,0.03125,0.0,4505600,137.68679213523865,0.37013721466064453
5.30859375,0.013671875,-0.5742892622947693,284759,0.5509914755821228,0.04522530362010002,0.0390625,0.0,4556800,139.22288990020752,0.3800436556339264
5.392578125,0.009765625,-0.5698780417442322,285411,0.5670333504676819,0.058062296360731125,0.0390625,0.001953125,4608000,140.83663606643677,0.37404364347457886
5.3984375,0.005859375,-0.5777072906494141,286070,0.5777435898780823,0.053512003272771835,0.0390625,0.0,4659200,142.40339946746826,0.36115288734436035
5.462890625,0.005859375,-0.5886933207511902,286748,0.57808917760849,0.041063446551561356,0.041015625,0.0,4710400,143.9950873851776,0.3758266568183899
5.630859375,0.00390625,-0.5956906080245972,287348,0.5778405070304871,0.0614696741104126,0.033203125,0.0,4761600,145.54826498031616,0.3805125653743744
5.537109375,0.01953125,-0.6038329601287842,287969,0.6053863167762756,0.034781601279973984,0.041015625,0.0,4812800,147.14486932754517,0.38295120000839233
5.927734375,0.009765625,-0.5926608443260193,288605,0.5748140811920166,0.04562857374548912,0.046875,0.0,4864000,148.70451712608337,0.38359054923057556
6.04296875,0.013671875,-0.5887109637260437,289202,0.5762685537338257,0.04581855610013008,0.052734375,0.0,4915200,150.5411446094513,0.38485413789749146
6.140625,0.00390625,-0.5864648222923279,289750,0.5996300578117371,0.04155069217085838,0.0390625,0.0,4966400,152.1835856437683,0.38201358914375305
6.033203125,0.00390625,-0.5859856605529785,290297,0.6098703742027283,0.06843699514865875,0.04296875,0.0,5017600,153.91890335083008,0.37475666403770447
6.0703125,0.009765625,-0.5825172662734985,290847,0.5841193795204163,0.045832257717847824,0.02734375,0.001953125,5068800,155.45671701431274,0.3825297951698303
6.341796875,0.005859375,-0.571025013923645,291346,0.570700466632843,0.054041411727666855,0.041015625,0.0,5120000,157.07773160934448,0.3809437155723572
5.736328125,0.005859375,-0.5826981067657471,292005,0.5972729325294495,0.05949384719133377,0.04296875,0.0,5171200,158.75758576393127,0.37458014488220215
5.94140625,0.01953125,-0.5759555101394653,292640,0.5751146674156189,0.020041758194565773,0.041015625,0.0,5222400,160.43795704841614,0.38576823472976685
6.19140625,0.01171875,-0.5590215921401978,293168,0.5743170976638794,0.050763946026563644,0.037109375,0.001953125,5273600,161.9932632446289,0.37683430314064026
5.734375,0.015625,-0.5576349496841431,293744,0.5525017380714417,0.05700621008872986,0.044921875,0.0,5324800,163.59161114692688,0.3767167031764984
6.189453125,0.005859375,-0.5348607301712036,294278,0.5090721249580383,0.023410869762301445,0.04296875,0.0,5376000,165.12832617759705,0.37837642431259155
6.20703125,0.013671875,-0.505519688129425,294849,0.49852195382118225,0.05749499797821045,0.03125,0.0,5427200,166.72364354133606,0.3814273178577423
6.400390625,0.001953125,-0.5085896849632263,295372,0.4874234199523926,0.04155588150024414,0.044921875,0.0,5478400,168.25868248939514,0.3810364603996277
6.78515625,0.01171875,-0.5065788626670837,295851,0.4942978024482727,0.028287846595048904,0.033203125,0.0,5529600,169.8591821193695,0.39659103751182556
6.919921875,0.0078125,-0.5308086276054382,296349,0.5493462085723877,0.021128926426172256,0.048828125,0.0,5580800,171.4160590171814,0.3970087468624115
5.92578125,0.0078125,-0.5698816180229187,296995,0.57172691822052,0.04863486811518669,0.0390625,0.0,5632000,173.03509783744812,0.3786041736602783
5.994140625,0.009765625,-0.5630876421928406,297603,0.5456783175468445,0.05198152735829353,0.033203125,0.0,5683200,174.59240055084229,0.3863694667816162
7.150390625,0.0078125,-0.5113022923469543,298109,0.5157432556152344,0.006840020418167114,0.029296875,0.0,5734400,176.1918008327484,0.3853294253349304
7.22265625,0.00390625,-0.5127341747283936,298645,0.5359562635421753,0.022478483617305756,0.04296875,0.0,5785600,177.7439112663269,0.3904115557670593
6.9296875,0.015625,-0.5061630010604858,299143,0.5006574392318726,0.04133535549044609,0.05078125,0.0,5836800,179.43579959869385,0.3871646225452423
7.171875,0.005859375,-0.4993646740913391,299594,0.4857783317565918,0.009754701517522335,0.048828125,0.0,5888000,181.0371494293213,0.3865757882595062
7.265625,0.001953125,-0.4951350688934326,300035,0.5167381763458252,0.027439448982477188,0.03515625,0.001953125,5939200,182.71054220199585,0.3925800323486328
7.478515625,0.001953125,-0.5046289563179016,300462,0.5220140218734741,0.03911174461245537,0.04296875,0.0,5990400,184.3367784023285,0.3808836340904236
7.52734375,0.01171875,-0.5081201791763306,300879,0.5212455987930298,0.016273116692900658,0.04296875,0.0,6041600,185.95093607902527,0.3907463550567627
7.419921875,0.0078125,-0.5131244659423828,301371,0.5310412645339966,0.02055351249873638,0.0390625,0.001953125,6092800,187.50339198112488,0.38884633779525757
7.4140625,0.0078125,-0.49852314591407776,301849,0.4973295331001282,0.025984514504671097,0.04296875,0.0,6144000,189.1147165298462,0.38786977529525757
7.498046875,0.001953125,-0.4956420063972473,302276,0.5006425976753235,0.011150351725518703,0.048828125,0.0,6195200,190.6791548728943,0.3918917775154114
7.873046875,0.005859375,-0.491542786359787,302676,0.48983055353164673,0.03341756388545036,0.052734375,0.0,6246400,192.2912414073944,0.38542789220809937
7.77734375,0.005859375,-0.49936825037002563,303095,0.4924040138721466,0.01934441737830639,0.0390625,0.001953125,6297600,193.84679579734802,0.39033302664756775
7.36328125,0.001953125,-0.4920106828212738,303538,0.474071204662323,0.033278025686740875,0.056640625,0.00390625,6348800,195.4537935256958,0.3868393301963806
7.716796875,0.009765625,-0.4905588626861572,303983,0.47199738025665283,0.03367938473820686,0.0546875,0.0,6400000,197.0023946762085,0.39141061902046204
8.03515625,0.009765625,-0.469672292470932,304397,0.4663662314414978,-0.0004624117282219231,0.044921875,0.005859375,6451200,198.5893177986145,0.3983391225337982
8.169921875,0.01171875,-0.4625840187072754,304808,0.4810853600502014,0.01327151246368885,0.046875,0.001953125,6502400,200.12248015403748,0.3974495530128479
7.623046875,0.01171875,-0.47626686096191406,305289,0.47842350602149963,0.0012154631549492478,0.03125,0.001953125,6553600,201.7028090953827,0.390167772769928
8.05859375,0.005859375,-0.4754958152770996,305660,0.4751112461090088,-0.00256752735003829,0.05859375,0.0,6604800,203.2315764427185,0.39087873697280884
8.357421875,0.00390625,-0.47802597284317017,306051,0.479142963886261,0.009741343557834625,0.05078125,0.00390625,6656000,204.80452370643616,0.3937295079231262
8.53125,0.013671875,-0.47624632716178894,306485,0.45566707849502563,0.019305625930428505,0.0703125,0.0,6707200,206.33889293670654,0.4028991758823395
8.50390625,0.0078125,-0.4721583425998688,306903,0.49599164724349976,-0.008377084508538246,0.060546875,0.0,6758400,207.91994667053223,0.4077847898006439
8.3984375,0.0078125,-0.46172332763671875,307281,0.460282564163208,0.034049686044454575,0.05859375,0.0,6809600,209.45151710510254,0.3966566026210785
8.5546875,0.005859375,-0.4652869403362274,307644,0.4665558636188507,0.00030989720835350454,0.0625,0.0,6860800,211.02264785766602,0.38931509852409363
8.64453125,0.009765625,-0.4618384540081024,308007,0.4710208773612976,0.0006953556439839303,0.037109375,0.001953125,6912000,212.55114102363586,0.388468474149704
8.419921875,0.0,-0.4718962609767914,308368,0.4904966354370117,0.0032551754266023636,0.03515625,0.001953125,6963200,214.13163661956787,0.3853139281272888
8.69140625,0.00390625,-0.46751031279563904,308772,0.47421082854270935,-0.00621472392231226,0.0390625,0.001953125,7014400,215.6781039237976,0.38651683926582336
8.587890625,0.00390625,-0.45631104707717896,309196,0.4567674398422241,-0.0020333111751824617,0.05078125,0.001953125,7065600,217.2628834247589,0.39877623319625854
8.69140625,0.00390625,-0.4575086534023285,309580,0.43274468183517456,-0.004039601888507605,0.07421875,0.0,7116800,218.80746507644653,0.40221816301345825
9.296875,0.001953125,-0.45232048630714417,309930,0.43856340646743774,-0.024762064218521118,0.05859375,0.001953125,7168000,220.42093110084534,0.3965492844581604
8.3984375,0.005859375,-0.46601587533950806,310363,0.46412932872772217,0.00032767580705694854,0.05859375,0.0,7219200,221.9803969860077,0.3973248600959778
9.09765625,0.00390625,-0.46502095460891724,310747,0.4810912311077118,-0.01686941459774971,0.052734375,0.0,7270400,223.61599230766296,0.4026424288749695
8.794921875,0.0,-0.47338834404945374,311161,0.4896976947784424,-0.022969653829932213,0.05859375,0.00390625,7321600,225.2195737361908,0.39860042929649353
8.73046875,0.009765625,-0.4771408140659332,311588,0.46032482385635376,-0.022981751710176468,0.07421875,0.00390625,7372800,226.79410099983215,0.3981780409812927
8.6484375,0.001953125,-0.4715149998664856,311997,0.4733947515487671,-0.027388131245970726,0.052734375,0.0,7424000,228.33217811584473,0.3985840678215027
8.77734375,0.005859375,-0.46568965911865234,312399,0.4939638376235962,-0.021570293232798576,0.068359375,0.001953125,7475200,229.9193139076233,0.39461737871170044
8.890625,0.01171875,-0.4579702913761139,312812,0.4547581374645233,-0.02665758691728115,0.044921875,0.001953125,7526400,231.4547679424286,0.3951139450073242
8.744140625,0.0078125,-0.4404216706752777,313183,0.4387480914592743,0.007823862135410309,0.056640625,0.001953125,7577600,233.04356789588928,0.4027136266231537
9.052734375,0.00390625,-0.42330989241600037,313551,0.4386290907859802,-0.034749943763017654,0.0546875,0.001953125,7628800,234.58581590652466,0.39598923921585083
9.484375,0.005859375,-0.4083753526210785,313870,0.39854979515075684,-0.00613000662997365,0.060546875,0.0,7680000,236.21339654922485,0.39858198165893555
9.4921875,0.001953125,-0.4065665900707245,314201,0.42002707719802856,-0.010656552389264107,0.046875,0.0,7731200,237.78775358200073,0.39582815766334534
9.875,0.0,-0.40605998039245605,314505,0.38380903005599976,-0.025968650355935097,0.056640625,0.001953125,7782400,239.35422253608704,0.3942868709564209
9.732421875,0.0078125,-0.4014299809932709,314840,0.4183887243270874,-0.016561666503548622,0.05078125,0.00390625,7833600,240.91844010353088,0.399088054895401
9.7421875,0.005859375,-0.4112756848335266,315193,0.4005208909511566,-0.021624866873025894,0.048828125,0.001953125,7884800,242.52969002723694,0.39232856035232544
9.271484375,0.001953125,-0.41444212198257446,315559,0.39426684379577637,-0.011560454033315182,0.05859375,0.001953125,7936000,244.06807351112366,0.3851300776004791
9.75,0.001953125,-0.40341827273368835,315897,0.4020618796348572,-0.017818911001086235,0.0546875,0.001953125,7987200,245.6663429737091,0.39718788862228394
9.552734375,0.005859375,-0.39966192841529846,316237,0.3920491337776184,-0.03210066631436348,0.04296875,0.005859375,8038400,247.2235426902771,0.3972070515155792
9.45703125,0.001953125,-0.40754395723342896,316613,0.4159831404685974,-0.04213913530111313,0.056640625,0.0,8089600,248.81046628952026,0.3995865285396576
9.099609375,0.00390625,-0.4098358154296875,317013,0.3997253179550171,-0.034108716994524,0.046875,0.0,8140800,250.36864924430847,0.39538854360580444
9.478515625,0.0,-0.40220895409584045,317348,0.40425580739974976,-0.02207758091390133,0.05859375,0.001953125,8192000,251.95447158813477,0.40369758009910583
10.25390625,0.00390625,-0.3907053470611572,317620,0.3716016411781311,-0.0074220262467861176,0.076171875,0.0,8243200,253.531316280365,0.39852625131607056
10.353515625,0.00390625,-0.3843541741371155,317896,0.37409618496894836,-0.0032120475079864264,0.052734375,0.0,8294400,255.1399827003479,0.3976104259490967
10.203125,0.001953125,-0.3806534707546234,318237,0.3774561583995819,-0.019167745485901833,0.048828125,0.00390625,8345600,256.66533875465393,0.3936295509338379
10.076171875,0.001953125,-0.3700217306613922,318579,0.3798845410346985,-0.03380279615521431,0.064453125,0.001953125,8396800,258.289265871048,0.38921868801116943
10.595703125,0.00390625,-0.36382362246513367,318873,0.39635342359542847,-0.025009561330080032,0.0859375,0.001953125,8448000,259.9266092777252,0.4014001786708832
9.9765625,0.0078125,-0.37111029028892517,319216,0.36432939767837524,-0.05275143310427666,0.06640625,0.0,8499200,261.69110131263733,0.40496477484703064
10.0703125,0.001953125,-0.37288743257522583,319574,0.36876165866851807,-0.02840513549745083,0.0703125,0.0,8550400,263.3354375362396,0.40028005838394165
9.90234375,0.005859375,-0.3788287937641144,319965,0.3762733042240143,-0.06163883954286575,0.05078125,0.001953125,8601600,265.02960681915283,0.406095027923584
9.57421875,0.005859375,-0.37946927547454834,320357,0.3909524083137512,-0.056955017149448395,0.046875,0.00390625,8652800,266.5965483188629,0.39151114225387573
9.212890625,0.00390625,-0.38953372836112976,320780,0.38721218705177307,-0.06163974478840828,0.072265625,0.001953125,8704000,268.1829934120178,0.3985561728477478
9.7578125,0.001953125,-0.37866541743278503,321152,0.3712361454963684,-0.05618053674697876,0.05859375,0.00390625,8755200,269.8084325790405,0.3951256275177002
8.642578125,0.005859375,-0.36747822165489197,321665,0.347950279712677,-0.09758289158344269,0.07421875,0.0,8806400,271.54978370666504,0.3968622088432312
8.63671875,0.01171875,-0.34895509481430054,322181,0.3645303547382355,-0.07771144062280655,0.064453125,0.001953125,8857600,273.2042713165283,0.39574769139289856
9.1796875,0.005859375,-0.346505731344223,322684,0.3760136067867279,-0.07682289928197861,0.0546875,0.00390625,8908800,274.80462074279785,0.4003986418247223
9.84375,0.0078125,-0.35045191645622253,323097,0.34190434217453003,-0.05897228792309761,0.064453125,0.001953125,8960000,276.4732220172882,0.40255609154701233
10.265625,0.001953125,-0.34434303641319275,323425,0.33740174770355225,-0.048124175518751144,0.064453125,0.001953125,9011200,278.1919457912445,0.39924356341362
10.46875,0.009765625,-0.34072554111480713,323778,0.35519516468048096,-0.07364784926176071,0.0703125,0.001953125,9062400,279.8113052845001,0.3936057388782501
10.162109375,0.001953125,-0.34149324893951416,324143,0.340339720249176,-0.060409415513277054,0.0625,0.001953125,9113600,281.4101827144623,0.40749281644821167
10.244140625,0.00390625,-0.33493921160697937,324462,0.3202301859855652,-0.0391169935464859,0.056640625,0.005859375,9164800,282.94214129447937,0.4041712284088135
10.095703125,0.005859375,-0.3346250355243683,324833,0.33491358160972595,-0.0490390881896019,0.056640625,0.0,9216000,284.50387477874756,0.40544384717941284
9.7734375,0.01171875,-0.3391549289226532,325224,0.3220055103302002,-0.09177745133638382,0.04296875,0.001953125,9267200,286.01150393486023,0.401253879070282
10.08203125,0.0,-0.328861802816391,325592,0.32197126746177673,-0.07322757691144943,0.072265625,0.005859375,9318400,287.5713105201721,0.4009818136692047
9.857421875,0.00390625,-0.32696616649627686,326003,0.3450450003147125,-0.09753935784101486,0.05078125,0.00390625,9369600,289.1003918647766,0.39460334181785583
9.421875,0.001953125,-0.3302589952945709,326425,0.340771347284317,-0.0775887593626976,0.064453125,0.001953125,9420800,290.6633884906769,0.3965361714363098
9.666015625,0.005859375,-0.3254811763763428,326815,0.3306777775287628,-0.06325659900903702,0.060546875,0.0,9472000,292.17203187942505,0.40135258436203003
9.783203125,0.01171875,-0.31131935119628906,327192,0.2843701243400574,-0.06717047095298767,0.060546875,0.0,9523200,293.7358431816101,0.3968357443809509
10.595703125,0.0,-0.3033117651939392,327538,0.2815796136856079,-0.06098376587033272,0.087890625,0.0,9574400,295.2397780418396,0.3960014581680298
10.6796875,0.00390625,-0.2951448857784271,327873,0.31318822503089905,-0.05819284915924072,0.07421875,0.001953125,9625600,296.7984354496002,0.4008428156375885
10.376953125,0.009765625,-0.28984084725379944,328244,0.27198272943496704,-0.0629713237285614,0.064453125,0.00390625,9676800,298.3243672847748,0.40621405839920044
10.427734375,0.0,-0.2883644998073578,328615,0.2866315245628357,-0.07347217947244644,0.068359375,0.0,9728000,299.8881492614746,0.4047612249851227
9.994140625,0.005859375,-0.29866594076156616,329013,0.3100440204143524,-0.070969358086586,0.05859375,0.005859375,9779200,301.40238666534424,0.4047437310218811
10.099609375,0.009765625,-0.3159242272377014,329401,0.3178621530532837,-0.0822487622499466,0.056640625,0.001953125,9830400,302.97451519966125,0.39878565073013306
9.658203125,0.00390625,-0.3249689042568207,329847,0.3087542653083801,-0.10751838982105255,0.08203125,0.00390625,9881600,304.52133321762085,0.3995327055454254
9.376953125,0.00390625,-0.3105446398258209,330293,0.29938143491744995,-0.11570938676595688,0.064453125,0.00390625,9932800,306.13939142227173,0.405508816242218
9.9609375,0.001953125,-0.29260191321372986,330703,0.2697177827358246,-0.09736558794975281,0.068359375,0.0,9984000,307.68897819519043,0.3970540463924408
10.251953125,0.001953125,-0.2809858024120331,331126,0.27330413460731506,-0.09249825775623322,0.060546875,0.005859375,10035200,309.29088973999023,0.40151453018188477
10.62890625,0.00390625,-0.2729108929634094,331479,0.2601119875907898,-0.0950843021273613,0.0625,0.001953125,10086400,310.83479142189026,0.39935609698295593
10.728515625,0.0,-0.2653939425945282,331836,0.2694011926651001,-0.07986106723546982,0.0546875,0.0,10137600,312.4308671951294,0.398249089717865
10.220703125,0.001953125,-0.2680617868900299,332208,0.24424408376216888,-0.08513029664754868,0.076171875,0.001953125,10188800,313.9867079257965,0.3951539397239685
10.21875,0.005859375,-0.27323296666145325,332571,0.2670896649360657,-0.10363465547561646,0.05078125,0.00390625,10240000,315.701687335968,0.4006289839744568
9.8515625,0.005859375,-0.27987027168273926,333028,0.2964976131916046,-0.11949988454580307,0.0625,0.0,10291200,317.300274848938,0.398677796125412
9.41015625,0.0078125,-0.28064361214637756,333518,0.27005189657211304,-0.1306314468383789,0.064453125,0.0,10342400,319.03116607666016,0.3960539400577545
10.380859375,0.00390625,-0.2740294635295868,333943,0.2829197645187378,-0.11698184162378311,0.068359375,0.00390625,10393600,320.668616771698,0.39568230509757996
10.259765625,0.0,-0.26839643716812134,334378,0.2715219557285309,-0.1339702606201172,0.0703125,0.0078125,10444800,322.33814311027527,0.3947811722755432
9.6875,0.009765625,-0.2627972960472107,334880,0.26409393548965454,-0.15680500864982605,0.072265625,0.0,10496000,324.02782940864563,0.4117988049983978
9.3515625,0.01171875,-0.2592173218727112,335409,0.28156426548957825,-0.16309170424938202,0.091796875,0.001953125,10547200,325.70692229270935,0.4029881954193115
9.173828125,0.00390625,-0.2594601809978485,335970,0.24888750910758972,-0.15414738655090332,0.0703125,0.001953125,10598400,327.37553238868713,0.4039948880672455
9.3515625,0.0078125,-0.2728106677532196,336454,0.27991336584091187,-0.13574452698230743,0.0546875,0.001953125,10649600,329.0717656612396,0.3960948586463928
9.431640625,0.005859375,-0.27196571230888367,336871,0.2776668071746826,-0.06392933428287506,0.060546875,0.001953125,10700800,330.68657326698303,0.3868984878063202
9.9375,0.013671875,-0.24726668000221252,337247,0.2385386824607849,-0.11794009059667587,0.0703125,0.00390625,10752000,332.42509484291077,0.3975974917411804
10.16796875,0.01171875,-0.24680912494659424,337658,0.23807933926582336,-0.1226247176527977,0.0625,0.0,10803200,333.9816093444824,0.40462827682495117
9.7890625,0.01171875,-0.24534177780151367,338130,0.2480822503566742,-0.16166317462921143,0.0546875,0.001953125,10854400,335.61964082717896,0.3961551785469055
9.75390625,0.005859375,-0.23366177082061768,338621,0.23415222764015198,-0.12830528616905212,0.072265625,0.001953125,10905600,337.14571022987366,0.39316868782043457
9.951171875,0.005859375,-0.25141820311546326,339109,0.2409905642271042,-0.1464821845293045,0.064453125,0.001953125,10956800,338.71931290626526,0.4060092568397522
9.53515625,0.01171875,-0.252430260181427,339649,0.2515212893486023,-0.1431940644979477,0.08203125,0.001953125,11008000,340.2435097694397,0.40246057510375977
9.908203125,0.0078125,-0.24919037520885468,340132,0.2425488531589508,-0.165667325258255,0.0859375,0.001953125,11059200,341.81257367134094,0.3965885639190674
10.40625,0.0,-0.23939529061317444,340575,0.2454320788383484,-0.14638729393482208,0.095703125,0.0,11110400,343.33002758026123,0.39932727813720703
9.583984375,0.001953125,-0.23536284267902374,341060,0.23902998864650726,-0.18524712324142456,0.09375,0.00390625,11161600,344.90688729286194,0.39378079771995544
9.958984375,0.001953125,-0.2279387265443802,341495,0.24233728647232056,-0.13283251225948334,0.048828125,0.0,11212800,346.4352707862854,0.390218585729599
10.083984375,0.0078125,-0.23051051795482635,341950,0.2176383137702942,-0.11210143566131592,0.072265625,0.001953125,11264000,348.0054304599762,0.4055399000644684
9.755859375,0.0078125,-0.2302946150302887,342450,0.23593392968177795,-0.19933366775512695,0.087890625,0.0,11315200,349.5270297527313,0.4061867594718933
9.0625,0.009765625,-0.23581326007843018,343066,0.24069342017173767,-0.2072632759809494,0.08984375,0.00390625,11366400,351.10588216781616,0.39321741461753845
9.53515625,0.0078125,-0.23476000130176544,343582,0.2323024868965149,-0.19213691353797913,0.068359375,0.001953125,11417600,352.6419007778168,0.40006008744239807
9.439453125,0.009765625,-0.22760558128356934,344111,0.21087875962257385,-0.13633914291858673,0.087890625,0.0,11468800,354.214946269989,0.3967301845550537
9.6875,0.005859375,-0.22956104576587677,344558,0.23200982809066772,-0.15506111085414886,0.06640625,0.0,11520000,355.7369935512543,0.39234358072280884
9.974609375,0.001953125,-0.23056212067604065,344989,0.21670189499855042,-0.07731079310178757,0.080078125,0.001953125,11571200,357.30643033981323,0.39456555247306824
10.05859375,0.01171875,-0.2384074181318283,345380,0.23604048788547516,-0.08148089051246643,0.076171875,0.005859375,11622400,358.8302938938141,0.4026407301425934
8.96875,0.01953125,-0.24934840202331543,345938,0.2476830929517746,-0.1574222445487976,0.076171875,0.001953125,11673600,360.41155219078064,0.39889010787010193
9.28125,0.0078125,-0.2500770688056946,346480,0.2655222713947296,-0.14787322282791138,0.0546875,0.001953125,11724800,361.9337978363037,0.3993377983570099
8.986328125,0.009765625,-0.24865937232971191,347053,0.25499796867370605,-0.13994339108467102,0.0625,0.001953125,11776000,363.5024673938751,0.3865698575973511
9.01953125,0.0078125,-0.24712519347667694,347630,0.2480252981185913,-0.14989201724529266,0.046875,0.001953125,11827200,365.0203204154968,0.38328710198402405
9.626953125,0.009765625,-0.23659713566303253,348046,0.26249828934669495,-0.09733656048774719,0.0546875,0.0,11878400,366.59184646606445,0.39275604486465454
10.177734375,0.001953125,-0.21617309749126434,348482,0.2140195220708847,-0.12982840836048126,0.080078125,0.0,11929600,368.11750316619873,0.4072348475456238
9.671875,0.005859375,-0.20413434505462646,348930,0.19703881442546844,-0.10543858259916306,0.072265625,0.00390625,11980800,369.6834466457367,0.3983071446418762
9.880859375,0.01171875,-0.19542384147644043,349374,0.1917203664779663,-0.07933565229177475,0.076171875,0.001953125,12032000,371.2055854797363,0.4004420340061188
10.376953125,0.0,-0.19080741703510284,349794,0.1745532602071762,-0.11099517345428467,0.087890625,0.0,12083200,372.7774405479431,0.4063189923763275
9.62890625,0.0078125,-0.20527291297912598,350288,0.20922067761421204,-0.13195784389972687,0.0859375,0.00390625,12134400,374.3168218135834,0.4006222188472748
10.064453125,0.009765625,-0.2150910645723343,350733,0.21072527766227722,-0.1477016657590866,0.060546875,0.00390625,12185600,375.9028306007385,0.3988025486469269
9.59375,0.0078125,-0.22149403393268585,351265,0.2376534342765808,-0.17646534740924835,0.083984375,0.001953125,12236800,377.42384600639343,0.39944928884506226
9.71484375,0.00390625,-0.2276812642812729,351776,0.23644030094146729,-0.15559367835521698,0.078125,0.0,12288000,379.01107954978943,0.40010911226272583
9.65234375,0.005859375,-0.23036091029644012,352303,0.23839670419692993,-0.14338718354701996,0.068359375,0.001953125,12339200,380.5737216472626,0.40753334760665894
9.611328125,0.0078125,-0.2167007029056549,352830,0.21608877182006836,-0.14919675886631012,0.068359375,0.001953125,12390400,382.26120495796204,0.39784592390060425
9.205078125,0.009765625,-0.21025852859020233,353431,0.2100984752178192,-0.14036475121974945,0.06640625,0.005859375,12441600,383.84336614608765,0.38602033257484436
9.88671875,0.01171875,-0.20077097415924072,353977,0.18800392746925354,-0.13054467737674713,0.091796875,0.0,12492800,385.488000869751,0.39983972907066345
9.70703125,0.00390625,-0.20479725301265717,354501,0.19365839660167694,-0.17496070265769958,0.068359375,0.005859375,12544000,387.07157373428345,0.40473970770835876
10.390625,0.00390625,-0.20800594985485077,354947,0.19488567113876343,-0.1063508540391922,0.091796875,0.001953125,12595200,388.72623229026794,0.40566784143447876
10.205078125,0.009765625,-0.21604695916175842,355476,0.2256014198064804,-0.14456807076931,0.083984375,0.001953125,12646400,390.3310387134552,0.39795467257499695
9.3828125,0.01171875,-0.22349508106708527,356079,0.23237496614456177,-0.1802501231431961,0.07421875,0.0,12697600,391.98095703125,0.3979928195476532
9.685546875,0.009765625,-0.22359557449817657,356647,0.22675403952598572,-0.14514188468456268,0.068359375,0.0,12748800,393.5844056606293,0.40151792764663696
9.21484375,0.005859375,-0.2109672874212265,357263,0.21140730381011963,-0.20493224263191223,0.056640625,0.0078125,12800000,395.2742774486542,0.3955222964286804
9.58203125,0.00390625,-0.20155198872089386,357848,0.16866615414619446,-0.17544904351234436,0.09375,0.00390625,12851200,396.86817264556885,0.39686352014541626
9.625,0.00390625,-0.1948721706867218,358452,0.18837380409240723,-0.13264548778533936,0.072265625,0.0,12902400,398.5144784450531,0.39908260107040405
9.947265625,0.005859375,-0.1977512389421463,358957,0.2035347819328308,-0.1520761251449585,0.064453125,0.00390625,12953600,400.14247012138367,0.40021881461143494
10.072265625,0.0078125,-0.20635035634040833,359444,0.1991981714963913,-0.12327370792627335,0.080078125,0.0,13004800,401.7818069458008,0.3888084292411804
9.95703125,0.013671875,-0.20761194825172424,359970,0.22913646697998047,-0.137368306517601,0.07421875,0.005859375,13056000,403.33053493499756,0.3971516788005829
9.29296875,0.00390625,-0.20911632478237152,360550,0.2080433964729309,-0.18923011422157288,0.0859375,0.001953125,13107200,404.93280005455017,0.39988642930984497
9.6875,0.0078125,-0.2040822058916092,361080,0.20330604910850525,-0.14515741169452667,0.076171875,0.001953125,13158400,406.476557970047,0.3907652199268341
9.45703125,0.0078125,-0.1896345317363739,361685,0.1867789924144745,-0.16163519024848938,0.076171875,0.0,13209600,408.0756115913391,0.38435059785842896
10.240234375,0.01171875,-0.17349199950695038,362181,0.15474426746368408,-0.1633998602628708,0.076171875,0.00390625,13260800,409.6261372566223,0.3972475826740265
9.865234375,0.009765625,-0.1702156513929367,362685,0.16111016273498535,-0.07769478112459183,0.064453125,0.001953125,13312000,411.22792863845825,0.40674319863319397
9.90234375,0.005859375,-0.17403262853622437,363194,0.1769159436225891,-0.13759110867977142,0.091796875,0.005859375,13363200,412.7773883342743,0.4009736180305481
9.3828125,0.005859375,-0.1827603429555893,363794,0.18701621890068054,-0.1526566743850708,0.078125,0.001953125,13414400,414.38169860839844,0.39907997846603394
9.62890625,0.00390625,-0.1942352056503296,364337,0.18101118505001068,-0.1701878309249878,0.08984375,0.0,13465600,415.9381399154663,0.39850053191185
9.400390625,0.009765625,-0.20129697024822235,364987,0.18321818113327026,-0.225882887840271,0.107421875,0.0,13516800,417.53706884384155,0.3890301585197449
9.546875,0.005859375,-0.20676498115062714,365598,0.20136699080467224,-0.21997927129268646,0.072265625,0.00390625,13568000,419.08805775642395,0.39572659134864807
9.8828125,0.001953125,-0.20592331886291504,366148,0.2116318941116333,-0.1831292361021042,0.0546875,0.00390625,13619200,420.6882963180542,0.39977678656578064
9.607421875,0.013671875,-0.20151376724243164,366762,0.18564559519290924,-0.1702786237001419,0.08203125,0.001953125,13670400,422.2379775047302,0.393215149641037
9.5625,0.009765625,-0.188232883810997,367342,0.17471714317798615,-0.20070360600948334,0.12109375,0.001953125,13721600,423.8394935131073,0.395429790019989
10.126953125,0.005859375,-0.1806923896074295,367888,0.1813400685787201,-0.10809268802404404,0.064453125,0.001953125,13772800,425.50369572639465,0.4023684561252594
9.908203125,0.013671875,-0.18478667736053467,368489,0.17863520979881287,-0.16575729846954346,0.072265625,0.0,13824000,427.0796856880188,0.3939695358276367
9.625,0.001953125,-0.1835225522518158,369085,0.1770283579826355,-0.1621605008840561,0.103515625,0.001953125,13875200,428.59805965423584,0.4009292721748352
10.1015625,0.01171875,-0.18921883404254913,369629,0.21906283497810364,-0.13638345897197723,0.0546875,0.001953125,13926400,430.16674971580505,0.3939587473869324
9.7421875,0.00390625,-0.19885921478271484,370239,0.21258214116096497,-0.15642999112606049,0.083984375,0.001953125,13977600,431.6854510307312,0.3961556553840637
10.193359375,0.00390625,-0.19868622720241547,370739,0.20757609605789185,-0.19925278425216675,0.083984375,0.005859375,14028800,433.25099515914917,0.39977577328681946
10.388671875,0.00390625,-0.1976148784160614,371237,0.21521739661693573,-0.12652264535427094,0.09765625,0.001953125,14080000,434.7693328857422,0.40158048272132874
9.982421875,0.005859375,-0.19224654138088226,371777,0.17805996537208557,-0.13554836809635162,0.091796875,0.00390625,14131200,436.3359467983246,0.4003884196281433
10.212890625,0.013671875,-0.18989528715610504,372294,0.19241175055503845,-0.14792220294475555,0.07421875,0.001953125,14182400,437.8585560321808,0.4037071764469147
9.373046875,0.0078125,-0.19371213018894196,372937,0.18074780702590942,-0.17519603669643402,0.0625,0.00390625,14233600,439.43941950798035,0.3865656852722168
9.353515625,0.009765625,-0.1936456561088562,373590,0.1908591389656067,-0.17556707561016083,0.087890625,0.001953125,14284800,440.9696624279022,0.394329696893692
9.86328125,0.0078125,-0.1918003112077713,374173,0.18425744771957397,-0.14701500535011292,0.091796875,0.0,14336000,442.55417490005493,0.39501968026161194
10.095703125,0.00390625,-0.19652526080608368,374724,0.2196982353925705,-0.1534482091665268,0.09375,0.001953125,14387200,444.08559584617615,0.38822486996650696
10.1875,0.00390625,-0.19875021278858185,375278,0.21042174100875854,-0.1448543518781662,0.091796875,0.0,14438400,445.67954111099243,0.3955485224723816
10.5625,0.013671875,-0.19630424678325653,375816,0.17506374418735504,-0.13785456120967865,0.09375,0.0,14489600,447.20342111587524,0.4008004069328308
9.373046875,0.0078125,-0.19200341403484344,376421,0.18141694366931915,-0.1405879408121109,0.068359375,0.00390625,14540800,448.7751383781433,0.3940953016281128
9.984375,0.013671875,-0.1836564838886261,376932,0.1807299703359604,-0.1329900473356247,0.0859375,0.009765625,14592000,450.3051242828369,0.3965659439563751
9.998046875,0.0078125,-0.18212208151817322,377471,0.19119055569171906,-0.10540034621953964,0.083984375,0.005859375,14643200,451.86857056617737,0.39013195037841797
10.12109375,0.005859375,-0.17523086071014404,377959,0.17060431838035583,-0.10726195573806763,0.091796875,0.005859375,14694400,453.3912603855133,0.3968483805656433
10.287109375,0.005859375,-0.17905458807945251,378473,0.1929888129234314,-0.11405531316995621,0.083984375,0.001953125,14745600,454.9506285190582,0.4000990390777588
10.1875,0.0,-0.1691449135541916,378989,0.18408077955245972,-0.14845360815525055,0.091796875,0.0078125,14796800,456.49124574661255,0.40014323592185974
9.384765625,0.009765625,-0.17543378472328186,379585,0.1915174424648285,-0.14773577451705933,0.0859375,0.005859375,14848000,458.06692934036255,0.3929547071456909
9.927734375,0.009765625,-0.1783873587846756,380152,0.1760554313659668,-0.1667509824037552,0.0859375,0.001953125,14899200,459.5851185321808,0.3939359188079834
9.955078125,0.00390625,-0.19046397507190704,380658,0.18669888377189636,-0.10254289954900742,0.083984375,0.00390625,14950400,461.1594047546387,0.3994300663471222
9.54296875,0.013671875,-0.1956365704536438,381196,0.19438225030899048,-0.10259437561035156,0.0859375,0.001953125,15001600,462.680543422699,0.38854533433914185
10.162109375,0.005859375,-0.1949751228094101,381671,0.1893673837184906,-0.11257666349411011,0.08984375,0.0,15052800,464.25605297088623,0.3992331027984619
10.349609375,0.00390625,-0.19131045043468475,382146,0.17586828768253326,-0.13096152245998383,0.095703125,0.00390625,15104000,465.7707715034485,0.3993503153324127
10.38671875,0.00390625,-0.18366163969039917,382632,0.18351857364177704,-0.12565408647060394,0.078125,0.005859375,15155200,467.3350591659546,0.40386563539505005
10.322265625,0.013671875,-0.1793302297592163,383143,0.18637272715568542,-0.15683746337890625,0.08203125,0.00390625,15206400,468.8620843887329,0.3866400718688965
9.958984375,0.00390625,-0.17237816751003265,383663,0.17699599266052246,-0.12695512175559998,0.080078125,0.0,15257600,470.4340968132019,0.3934498429298401
9.94140625,0.009765625,-0.16564126312732697,384225,0.16068962216377258,-0.1573498547077179,0.1015625,0.0,15308800,471.9584696292877,0.39772289991378784
10.365234375,0.00390625,-0.16523177921772003,384700,0.16700464487075806,-0.12222428619861603,0.09765625,0.005859375,15360000,473.52841210365295,0.3945275843143463
10.470703125,0.001953125,-0.16388550400733948,385194,0.16104233264923096,-0.10408405214548111,0.08203125,0.005859375,15411200,475.05688881874084,0.3914608061313629
10.390625,0.001953125,-0.16955962777137756,385663,0.1659942865371704,-0.08330487459897995,0.0703125,0.0,15462400,476.636137008667,0.4008828103542328
10.421875,0.0078125,-0.17815415561199188,386133,0.1862037181854248,-0.09135661274194717,0.08203125,0.00390625,15513600,478.16014766693115,0.3924574553966522
10.240234375,0.005859375,-0.1835707426071167,386660,0.18350282311439514,-0.10772937536239624,0.087890625,0.00390625,15564800,479.7600519657135,0.39141011238098145
9.677734375,0.01171875,-0.18327361345291138,387236,0.1796959936618805,-0.1458241194486618,0.078125,0.0,15616000,481.3031282424927,0.39381280541419983
9.7265625,0.009765625,-0.18244072794914246,387840,0.2018604725599289,-0.1866380274295807,0.068359375,0.005859375,15667200,482.8908636569977,0.3917010426521301
9.5703125,0.009765625,-0.1838485449552536,388481,0.1950577348470688,-0.16697601974010468,0.080078125,0.0078125,15718400,484.4403250217438,0.3979175090789795
9.2109375,0.013671875,-0.18632955849170685,389114,0.2060621678829193,-0.1416805237531662,0.064453125,0.00390625,15769600,486.0529499053955,0.39324790239334106
10.052734375,0.0078125,-0.18596701323986053,389644,0.18858426809310913,-0.1530725210905075,0.083984375,0.00390625,15820800,487.60535168647766,0.39377516508102417
9.828125,0.013671875,-0.19457128643989563,390158,0.19980578124523163,-0.12722472846508026,0.076171875,0.0078125,15872000,489.2035119533539,0.3955387771129608
10.19921875,0.00390625,-0.19351619482040405,390665,0.20121394097805023,-0.15073010325431824,0.091796875,0.00390625,15923200,490.7574417591095,0.3912845253944397
9.8125,0.005859375,-0.1872175931930542,391222,0.18130050599575043,-0.14695239067077637,0.078125,0.001953125,15974400,492.3797800540924,0.39485329389572144
9.494140625,0.005859375,-0.1809396892786026,391893,0.19626468420028687,-0.14885520935058594,0.0859375,0.0,16025600,493.96872210502625,0.387184202671051
9.728515625,0.0234375,-0.1788906455039978,392458,0.19244101643562317,-0.15193361043930054,0.099609375,0.0,16076800,495.59610652923584,0.3923378884792328
10.001953125,0.001953125,-0.17608557641506195,392988,0.16081464290618896,-0.15487675368785858,0.09765625,0.0,16128000,497.1909112930298,0.4019840359687805
9.939453125,0.005859375,-0.18157045543193817,393556,0.17530164122581482,-0.07882431149482727,0.072265625,0.00390625,16179200,498.86960339546204,0.3921724259853363
10.154296875,0.015625,-0.18501214683055878,394071,0.18915493786334991,-0.15026241540908813,0.103515625,0.001953125,16230400,500.4466965198517,0.3985210061073303
10.076171875,0.005859375,-0.1837264746427536,394586,0.1836267113685608,-0.0662853866815567,0.08203125,0.0,16281600,502.1069598197937,0.3929139971733093
10.35546875,0.00390625,-0.18704438209533691,395080,0.19486382603645325,-0.09330452978610992,0.09375,0.0,16332800,503.70875883102417,0.4019894003868103
10.08203125,0.00390625,-0.18766799569129944,395560,0.1849389374256134,-0.13497689366340637,0.076171875,0.005859375,16384000,505.3062963485718,0.39415282011032104
10.537109375,0.00390625,-0.1865784227848053,396028,0.198425754904747,-0.08594705164432526,0.083984375,0.001953125,16435200,506.9213888645172,0.40181875228881836
10.15234375,0.009765625,-0.18597792088985443,396536,0.18391506373882294,-0.1491975635290146,0.0859375,0.001953125,16486400,508.54736280441284,0.39193040132522583
10.39453125,0.015625,-0.17788611352443695,397034,0.18279054760932922,-0.09595421701669693,0.080078125,0.001953125,16537600,510.1644604206085,0.3909164071083069
10.12890625,0.005859375,-0.17799808084964752,397522,0.18109166622161865,-0.12499314546585083,0.07421875,0.00390625,16588800,511.8277540206909,0.3928009569644928
10.69140625,0.005859375,-0.18129031360149384,397954,0.17696791887283325,-0.09149684011936188,0.09765625,0.0,16640000,513.4222590923309,0.3998064398765564
10.443359375,0.00390625,-0.18536140024662018,398457,0.19239991903305054,-0.13771043717861176,0.087890625,0.00390625,16691200,515.0585472583771,0.3997940421104431
10.560546875,0.001953125,-0.18598860502243042,398919,0.17566844820976257,-0.11200783401727676,0.083984375,0.005859375,16742400,516.7235338687897,0.3917722702026367
10.42578125,0.0078125,-0.1839306652545929,399376,0.17083683609962463,-0.1213105246424675,0.09375,0.001953125,16793600,518.3362445831299,0.3983885645866394
10.28125,0.005859375,-0.18371030688285828,399861,0.18777120113372803,-0.15977966785430908,0.080078125,0.001953125,16844800,519.8986225128174,0.39625388383865356
9.849609375,0.0,-0.18307383358478546,400371,0.18654903769493103,-0.10724937170743942,0.087890625,0.001953125,16896000,521.5448999404907,0.3872126638889313
10.3359375,0.015625,-0.18656562268733978,400794,0.1910260021686554,-0.0955972820520401,0.080078125,0.001953125,16947200,523.0964303016663,0.3986034691333771
10.302734375,0.01171875,-0.18942974507808685,401294,0.19531004130840302,-0.11404378712177277,0.076171875,0.00390625,16998400,524.6826577186584,0.397699773311615
10.306640625,0.00390625,-0.1885616034269333,401777,0.19141274690628052,-0.10541067272424698,0.068359375,0.00390625,17049600,526.2178547382355,0.39977237582206726
9.90234375,0.0078125,-0.1931026428937912,402302,0.194349467754364,-0.12880611419677734,0.087890625,0.00390625,17100800,527.8112082481384,0.3898032307624817
10.337890625,0.013671875,-0.19433405995368958,402770,0.20221656560897827,-0.08348917961120605,0.072265625,0.00390625,17152000,529.3437902927399,0.39752423763275146
10.33984375,0.00390625,-0.1896502822637558,403241,0.19166094064712524,-0.12270400673151016,0.09375,0.005859375,17203200,530.961861371994,0.39103472232818604
9.744140625,0.013671875,-0.18657724559307098,403733,0.18597614765167236,-0.07371441274881363,0.0703125,0.0078125,17254400,532.5220677852631,0.39053067564964294
10.455078125,0.00390625,-0.18125461041927338,404211,0.20105154812335968,-0.12770722806453705,0.0859375,0.001953125,17305600,534.1197340488434,0.39354437589645386
10.099609375,0.015625,-0.1837456375360489,404722,0.19208462536334991,-0.12156009674072266,0.099609375,0.00390625,17356800,535.6681847572327,0.3918525278568268
9.953125,0.001953125,-0.18597936630249023,405261,0.17279507219791412,-0.12715260684490204,0.0859375,0.005859375,17408000,537.2750787734985,0.395198792219162
10.345703125,0.01171875,-0.18148256838321686,405752,0.18335402011871338,-0.10148250311613083,0.083984375,0.001953125,17459200,538.8218419551849,0.3905344605445862
10.435546875,0.005859375,-0.17638210952281952,406184,0.1793520450592041,-0.10310261696577072,0.08203125,0.001953125,17510400,540.4686403274536,0.394247829914093
10.56640625,0.005859375,-0.17239004373550415,406662,0.17234361171722412,-0.05018262937664986,0.083984375,0.00390625,17561600,542.067661523819,0.39665302634239197
9.990234375,0.0078125,-0.17691431939601898,407188,0.1736481487751007,-0.13644319772720337,0.072265625,0.0,17612800,543.6882925033569,0.3948705196380615
10.52734375,0.005859375,-0.17451857030391693,407652,0.17110225558280945,-0.09251335263252258,0.11328125,0.00390625,17664000,545.2783930301666,0.4041965901851654
10.517578125,0.005859375,-0.17308758199214935,408116,0.16733023524284363,-0.16884934902191162,0.09375,0.005859375,17715200,546.9098389148712,0.3948667049407959
10.115234375,0.005859375,-0.17225083708763123,408635,0.1798756718635559,-0.13791513442993164,0.0859375,0.005859375,17766400,548.4805562496185,0.4015065133571625
10.482421875,0.015625,-0.16862915456295013,409094,0.1426965296268463,-0.10189125686883926,0.103515625,0.00390625,17817600,550.1034865379333,0.39470210671424866
10.275390625,0.0078125,-0.17337948083877563,409564,0.17783981561660767,-0.08984438329935074,0.08203125,0.0,17868800,551.6731870174408,0.3965689539909363
10.7265625,0.00390625,-0.17322784662246704,410021,0.16712185740470886,-0.08349674195051193,0.109375,0.0,17920000,553.2774705886841,0.3945541977882385
10.986328125,0.013671875,-0.17471472918987274,410450,0.1780320554971695,-0.06123090535402298,0.0859375,0.00390625,17971200,554.8263051509857,0.39361047744750977
10.052734375,0.009765625,-0.17690415680408478,410948,0.16579382121562958,-0.09404679387807846,0.052734375,0.00390625,18022400,556.4343528747559,0.3939630389213562
11.169921875,0.005859375,-0.17502574622631073,411365,0.16854411363601685,-0.06755419075489044,0.076171875,0.0,18073600,557.9785871505737,0.3954853415489197
10.046875,0.0078125,-0.18183885514736176,411861,0.19072090089321136,-0.11521106213331223,0.099609375,0.001953125,18124800,559.5981578826904,0.3926713466644287
10.80859375,0.0,-0.18017838895320892,412300,0.18275754153728485,-0.0847611054778099,0.09765625,0.005859375,18176000,561.1723611354828,0.39801308512687683
10.314453125,0.001953125,-0.18066023290157318,412799,0.1694997400045395,-0.10667407512664795,0.0859375,0.00390625,18227200,562.793660402298,0.39220696687698364
10.7578125,0.005859375,-0.18251214921474457,413237,0.17900462448596954,-0.08438843488693237,0.08203125,0.00390625,18278400,564.3675680160522,0.3874923288822174
10.689453125,0.00390625,-0.188393697142601,413664,0.17308467626571655,-0.08352544158697128,0.08203125,0.0,18329600,565.9747714996338,0.38801389932632446
10.291015625,0.009765625,-0.18738852441310883,414155,0.17749746143817902,-0.10069103538990021,0.0859375,0.00390625,18380800,567.5355427265167,0.39267271757125854
9.84765625,0.013671875,-0.18230289220809937,414715,0.177292138338089,-0.15403570234775543,0.07421875,0.00390625,18432000,569.1466987133026,0.39458167552948
9.767578125,0.01171875,-0.1810520738363266,415276,0.1762341558933258,-0.12494511902332306,0.087890625,0.0,18483200,570.709276676178,0.3911060392856598
10.142578125,0.009765625,-0.17332059144973755,415826,0.17876258492469788,-0.12440172582864761,0.07421875,0.0078125,18534400,572.3245117664337,0.3922171890735626
10.119140625,0.005859375,-0.17032627761363983,416319,0.1616973876953125,-0.11309771984815598,0.08984375,0.00390625,18585600,573.8848297595978,0.3920446038246155
10.830078125,0.0,-0.16007566452026367,416732,0.16045083105564117,-0.07570087164640427,0.09375,0.001953125,18636800,575.5304269790649,0.3940526247024536
10.673828125,0.0078125,-0.1616063266992569,417170,0.1618562936782837,-0.10192748159170151,0.095703125,0.001953125,18688000,577.1343727111816,0.3921617567539215
10.525390625,0.005859375,-0.16525131464004517,417644,0.17067819833755493,-0.11993011087179184,0.080078125,0.001953125,18739200,578.8570230007172,0.3877463936805725
10.658203125,0.00390625,-0.16686458885669708,418111,0.1618306040763855,-0.09254828840494156,0.07421875,0.001953125,18790400,580.4538071155548,0.39035096764564514
10.544921875,0.0078125,-0.16116881370544434,418585,0.16554945707321167,-0.10436089336872101,0.08984375,0.0,18841600,582.0808479785919,0.3949420750141144
10.216796875,0.0078125,-0.1625736951828003,419094,0.16445806622505188,-0.14795422554016113,0.06640625,0.0,18892800,583.6561620235443,0.3884386420249939
10.814453125,0.0078125,-0.16546370089054108,419547,0.1700909584760666,-0.0988142266869545,0.0859375,0.001953125,18944000,585.268266916275,0.3907204568386078
11.087890625,0.00390625,-0.17067493498325348,420018,0.1692277491092682,-0.14552809298038483,0.076171875,0.00390625,18995200,586.8286652565002,0.3942834734916687
9.904296875,0.009765625,-0.17566126585006714,420570,0.17169150710105896,-0.1139630675315857,0.083984375,0.00390625,19046400,588.4614329338074,0.3943994343280792
10.59375,0.00390625,-0.1787605732679367,421039,0.18815913796424866,-0.10859205573797226,0.072265625,0.0,19097600,590.0236587524414,0.3907049596309662
9.92578125,0.005859375,-0.17857451736927032,421619,0.17513301968574524,-0.11604510992765427,0.115234375,0.0,19148800,591.6446640491486,0.3883981704711914
10.51171875,0.01171875,-0.1835130751132965,422118,0.17434927821159363,-0.1105465441942215,0.076171875,0.0,19200000,593.2132878303528,0.3919226825237274
10.447265625,0.00390625,-0.17809467017650604,422609,0.17589187622070312,-0.13844755291938782,0.0859375,0.009765625,19251200,594.8229086399078,0.39334195852279663
10.46875,0.005859375,-0.17941848933696747,423108,0.18768301606178284,-0.11864776909351349,0.0859375,0.0,19302400,596.390025138855,0.39577072858810425
10.31640625,0.00390625,-0.1768907606601715,423627,0.17147547006607056,-0.09565382450819016,0.10546875,0.0,19353600,597.9931380748749,0.3947506844997406
10.7265625,0.0078125,-0.17183074355125427,424137,0.16220742464065552,-0.11255641281604767,0.103515625,0.001953125,19404800,599.5748665332794,0.3898516297340393
9.923828125,0.005859375,-0.1692620813846588,424678,0.17176362872123718,-0.14786820113658905,0.09375,0.001953125,19456000,601.1932163238525,0.3824816644191742
10.35546875,0.009765625,-0.16553378105163574,425177,0.1816069483757019,-0.09238868206739426,0.072265625,0.0,19507200,602.755487203598,0.3893120586872101
10.208984375,0.00390625,-0.1657421886920929,425697,0.16811810433864594,-0.11292751133441925,0.083984375,0.0,19558400,604.3810803890228,0.3832833170890808
10.13671875,0.005859375,-0.1662113517522812,426188,0.15888865292072296,-0.07426156103610992,0.087890625,0.0,19609600,605.9899060726166,0.3924887776374817
10.6484375,0.0078125,-0.16631995141506195,426658,0.16162064671516418,-0.13051043450832367,0.072265625,0.0,19660800,607.6120035648346,0.38794299960136414
11.056640625,0.005859375,-0.16827860474586487,427077,0.1580260992050171,-0.0533575601875782,0.080078125,0.00390625,19712000,609.1903917789459,0.38907140493392944
10.806640625,0.009765625,-0.1841387301683426,427471,0.17519670724868774,-0.08764515072107315,0.087890625,0.001953125,19763200,610.8137292861938,0.38695207238197327
10.482421875,0.001953125,-0.17954450845718384,427918,0.19633370637893677,-0.0753253847360611,0.091796875,0.0,19814400,612.3933980464935,0.39046430587768555
10.69921875,0.00390625,-0.17282646894454956,428396,0.15133488178253174,-0.15952521562576294,0.09375,0.001953125,19865600,614.0162727832794,0.3935491144657135
9.947265625,0.009765625,-0.17485247552394867,428926,0.17276981472969055,-0.11761438846588135,0.0859375,0.00390625,19916800,615.6213319301605,0.38906458020210266
10.48046875,0.005859375,-0.1796097606420517,429403,0.18257160484790802,-0.11947136372327805,0.08203125,0.0,19968000,617.2863872051239,0.39824074506759644
